{
    "approach1": {
        "0": {
            "ndcg10": 0.3566006436631193,
            "ndcg100": 0.4931849651538211
        },
        "1": {
            "ndcg10": 0.3748903727109721,
            "ndcg100": 0.5194589515756205
        },
        "3": {
            "ndcg10": 0.39256900319034777,
            "ndcg100": 0.5532741477754939
        },
        "5": {
            "ndcg10": 0.3984564908977068,
            "ndcg100": 0.568539876971289
        },
        "10": {
            "ndcg10": 0.39873134546793143,
            "ndcg100": 0.5834552076713992
        }
    },
    "approach2": {
        "0": {
            "ndcg10": 0.3566006436631193,
            "ndcg100": 0.4931849651538211
        },
        "1": {
            "ndcg10": 0.3931715366006977,
            "ndcg100": 0.5308186179664355
        },
        "3": {
            "ndcg10": 0.4309923398684383,
            "ndcg100": 0.5770814559584663
        },
        "5": {
            "ndcg10": 0.4414029033656262,
            "ndcg100": 0.5957728075537445
        },
        "10": {
            "ndcg10": 0.4402656944096088,
            "ndcg100": 0.6120521026368432
        }
    }
}