{
    "approach1": {
        "0": {
            "ndcg10": 0.2870095314102305,
            "ndcg100": 0.3796503966024354
        },
        "1": {
            "ndcg10": 0.3072604069170658,
            "ndcg100": 0.40743998759764005
        },
        "3": {
            "ndcg10": 0.3216831723154792,
            "ndcg100": 0.43158458079591383
        },
        "5": {
            "ndcg10": 0.3245630395238293,
            "ndcg100": 0.44186055019196674
        },
        "10": {
            "ndcg10": 0.3262080250546146,
            "ndcg100": 0.455764278799869
        }
    },
    "approach2": {
        "0": {
            "ndcg10": 0.2870095314102305,
            "ndcg100": 0.3796503966024354
        },
        "1": {
            "ndcg10": 0.3258563304927568,
            "ndcg100": 0.4214974183324384
        },
        "3": {
            "ndcg10": 0.35232096754937486,
            "ndcg100": 0.4504899293268945
        },
        "5": {
            "ndcg10": 0.3532068906061771,
            "ndcg100": 0.4634881567341532
        },
        "10": {
            "ndcg10": 0.35107583351771304,
            "ndcg100": 0.47462637395892526
        }
    }
}